resid,deviation_angstrom
1,77.2388
2,72.7496
3,73.6195
4,71.3668
5,66.3256
6,65.405
7,70.6483
8,69.9819
9,69.8514
10,70.6528
11,70.7253
12,69.8368
13,70.1251
14,66.9946
15,69.9099
16,72.6052
17,69.3115
18,67.4026
19,69.2711
20,70.6135
21,64.711
22,63.1315
23,66.6785
24,70.8907
25,74.716
26,79.4993
27,82.3868
28,83.6791
29,88.3312
30,89.3726
31,89.6468
32,92.0375
33,93.5524
34,96.5334
35,94.605
36,92.0961
37,94.8114
38,97.1715
39,97.2594
40,96.1421
41,95.6085
42,95.212
43,92.4565
44,86.9291
45,82.5334
46,75.4783
47,71.8378
48,67.3587
49,68.5283
50,64.9804
51,60.0431
52,59.1379
53,54.0672
54,51.7034
55,52.2167
56,50.2308
57,56.5397
58,60.4789
59,62.2822
60,65.3253
61,68.5044
62,68.1618
63,69.6946
64,69.9379
65,72.1718
66,72.3263
67,68.8638
68,67.4969
69,68.2849
70,64.3755
71,59.7401
72,59.7095
73,57.9024
74,54.1484
75,51.2135
76,50.8958
77,55.4173
78,55.4917
79,54.7389
80,60.104
81,63.9269
82,64.7486
83,66.1396
84,63.633
85,63.2945
86,63.1639
87,65.0276
88,64.4774
89,64.9464
90,66.013
91,63.6737
92,62.9034
93,66.7296
94,71.0699
95,72.4622
96,75.1394
97,73.368
98,74.2303
99,75.7254
100,77.8955
101,78.5607
102,79.2729
103,76.5022
104,76.0093
105,70.8335
106,70.8455
107,70.6243
108,71.9163
109,78.09
110,77.7607
111,84.3384
112,85.9369
113,85.2748
114,82.6651
115,79.4842
116,82.308
117,80.4855
118,74.7599
119,75.9093
120,78.8795
121,76.7607
122,75.2484
123,74.1206
124,76.7033
125,73.1925
126,72.9188
127,71.392
128,67.9281
129,69.4136
130,67.5862
131,67.0754
132,63.3138
133,58.478
134,55.586
135,49.2124
136,44.3808
137,40.5773
138,44.4353
139,48.2563
140,47.6366
141,48.9295
142,54.2496
143,57.5928
144,57.9107
145,62.7072
146,65.2507
147,67.8825
148,64.7818
149,66.2917
150,61.7121
151,65.0085
152,65.271
153,65.0098
154,62.2785
155,59.3246
156,62.4799
157,65.3435
158,65.1172
159,61.022
160,59.1405
161,62.2117
162,60.6333
163,64.5841
164,63.6673
165,65.5734
166,65.8879
167,64.9453
168,65.5327
169,66.98
170,62.8859
171,61.9952
172,62.4531
173,62.8414
174,60.2293
175,58.9364
176,64.563
177,62.722
178,64.4136
179,68.2628
180,68.4854
181,68.2759
182,70.8915
183,71.169
184,69.1008
185,64.1633
186,62.1991
187,57.8787
188,55.9852
189,54.2386
190,50.5644
191,50.2797
192,46.851
193,47.207
194,50.8777
